"search-number","evaluation","number-of-bots*","charging-area-radius*","minimum-energy*","energy-decrement*","number-of-boxes*","target-area-radius*","unloaded-step-length*","loaded-step-length*","vision-range*","vision-angle*","grab-range*","max-wiggle-angle*","show-energy?*","maximum-charging-distance*","minimum-charging-energy*","transfer-energy-amount*","fitness","num-replicates","best-fitness-so-far"
"1","10","13","0","335","0.34","26","2","0.9400000000000001","0.08","8","28","6.1000000000000005","26","true","1","350","370","790.3433020085006","10","790.3433020085006"
"1","20","8","19","325","0.19","54","17","0.15","0.13","4.4","38","0.5","23","true","3","90","100","786.9401547307149","10","786.9401547307149"
"1","30","21","12","485","0.79","21","3","0.79","0.19","8.2","26","2.6","1","true","5","70","490","742.5520169488238","10","742.5520169488238"
"1","40","90","11","185","0.22","5","2","0.36","0.1","2.2","20","1.9000000000000001","29","true","1","250","45","730.4849948839121","10","730.4849948839121"
"1","50","70","20","315","0.84","67","8","0.86","0.18","4.2","59","3.6","26","true","3","340","465","720.2221907867964","10","720.2221907867964"
"1","60","56","13","70","0.18","80","13","0.24","0.02","2.8","37","3.9000000000000004","8","false","3","140","215","714.2768143893775","10","714.2768143893775"
"1","70","72","8","450","0.79","70","1","0.86","0.16","8.8","48","5.4","36","false","1","100","270","802.3271760049566","10","714.2768143893775"
"1","80","57","18","265","0.73","23","13","0.87","0.07","3.1","3","0.30000000000000004","3","false","1","120","375","734.6911242409976","10","714.2768143893775"
"1","90","47","6","380","0.18","58","18","0.56","0.02","6.7","2","4.2","32","true","3","70","275","762.9888287439474","10","714.2768143893775"
"1","100","33","16","270","0.73","37","0","0.97","0.17","6.2","34","3.5","6","true","3","50","140","739.3042265583841","10","714.2768143893775"
"1","110","66","15","260","0.01","4","9","0.8200000000000001","0.05","5.7","28","1.5","12","true","3","300","245","795.7823645090695","10","714.2768143893775"
"1","120","35","2","445","0.76","19","15","0.24","0.03","9.4","0","0","43","false","3","70","415","765.570212879875","10","714.2768143893775"
"1","130","40","2","115","0.11","30","6","0.63","0.12","3.8000000000000003","36","1.6","5","false","4","110","475","786.7902912027087","10","714.2768143893775"
"1","140","56","13","315","0.44","64","20","0.79","0","7.6000000000000005","3","6.300000000000001","19","true","3","60","385","708.2256269204383","10","708.2256269204383"
"1","150","65","17","300","0.52","83","4","0.37","0.03","3.2","8","1.9000000000000001","24","false","2","280","305","763.2818673484499","10","708.2256269204383"
"1","160","51","12","385","0.35000000000000003","62","19","0.76","0.07","7.4","21","1.8","5","true","5","210","170","752.32580833508","10","708.2256269204383"
"1","170","39","3","135","0.48","90","5","0.68","0.18","5.2","33","1.7000000000000002","38","true","1","0","500","737.6891761923414","10","708.2256269204383"
"1","180","85","15","300","0.46","20","11","0.73","0.02","9.9","6","5.5","41","true","5","330","450","759.8370188145293","10","708.2256269204383"
"1","190","83","4","205","0.97","90","0","0.54","0.1","6.1000000000000005","6","4.6000000000000005","45","false","4","370","390","747.6690428750856","10","708.2256269204383"
"1","200","6","1","495","0.44","4","12","0.21","0.05","5","11","5.9","18","false","2","240","25","717.7172816286662","10","708.2256269204383"
"1","210","80","7","210","1","91","15","0.81","0.11","7","13","2.2","14","true","2","200","500","752.7380620513902","10","708.2256269204383"
"1","220","10","7","310","0.8200000000000001","30","7","0.8","0.02","9.9","17","4.6000000000000005","5","false","3","370","25","800.6542065402234","10","708.2256269204383"
"1","230","62","0","375","0.61","51","9","0.92","0.07","1.3","27","4.4","18","false","3","370","330","819.4395801447365","10","708.2256269204383"
"1","240","92","2","45","0.3","44","11","0.18","0.08","3.9000000000000004","9","4.800000000000001","36","true","3","310","350","723.5588224872048","10","708.2256269204383"
"1","250","25","13","95","0.61","75","17","0.8200000000000001","0.1","8.4","60","3.4000000000000004","38","true","3","210","175","814.3892728126228","10","708.2256269204383"
"1","260","11","17","280","0.87","25","13","0.52","0.06","4.4","4","0.5","33","false","3","30","330","807.6893116539582","10","708.2256269204383"
"1","270","73","10","260","0.01","85","10","0.6","0.09","2.7","2","5.6000000000000005","12","false","3","180","215","693.5796382497307","10","693.5796382497307"
"1","280","70","2","380","0.32","33","15","0.23","0.03","7.7","10","4.6000000000000005","2","false","3","110","355","830.3577293001593","10","693.5796382497307"
"1","290","15","18","20","0.9400000000000001","39","17","0.72","0.08","5.7","24","3.2","42","true","3","310","95","750.1360842787485","10","693.5796382497307"
"1","300","10","0","305","0.22","19","16","0.18","0.1","3.3000000000000003","20","5.1000000000000005","44","true","3","170","350","710.8995684975459","10","693.5796382497307"
"1","310","1","17","25","0.45","36","1","0.03","0.1","9.700000000000001","41","2.1","23","true","3","260","435","709.7884734408433","10","693.5796382497307"
"1","320","41","10","350","0.27","98","16","0.6","0.05","2.1","8","0.4","18","true","2","70","490","761.9348029839468","10","693.5796382497307"
"1","330","37","1","140","0.9","83","1","0.8200000000000001","0.15","1.2","56","4.9","32","true","1","20","320","784.3087382155034","10","693.5796382497307"
"1","340","56","2","125","0.8200000000000001","2","17","0.31","0.15","8.100000000000001","32","3.6","9","false","4","250","100","758.0139605625169","10","693.5796382497307"
"1","350","22","14","145","0","19","13","0.17","0","3.5","26","2.3000000000000003","35","true","3","90","85","749.65567017593","10","693.5796382497307"
"1","360","62","10","95","0.53","77","11","0.9400000000000001","0.17","2.2","46","1.3","13","false","5","300","455","710.4495978367387","10","693.5796382497307"
"1","370","90","8","145","0.35000000000000003","47","0","0.67","0.11","5.3","27","1.1","40","false","1","340","300","709.372662100254","10","693.5796382497307"
"1","380","67","18","325","0.22","30","16","0.65","0.08","4.4","51","0.9","36","false","3","320","270","777.2654308301205","10","693.5796382497307"
"1","390","29","12","300","0.37","48","8","0.52","0.17","3.7","1","5.2","3","false","3","350","175","747.1413290040347","10","693.5796382497307"
"1","400","35","2","35","0.28","8","19","0.61","0.19","8.8","13","4.5","45","false","3","240","430","773.7116782326434","10","693.5796382497307"
"1","410","89","7","280","0.03","37","10","0.01","0.04","5.7","51","6.4","29","false","1","60","245","779.1775203022155","10","693.5796382497307"
"1","420","72","11","245","0.86","17","20","0.96","0","9","42","2.7","30","true","5","120","250","752.2357903581835","10","693.5796382497307"
"1","430","58","12","35","0.97","4","19","0.35000000000000003","0.08","1.2","42","0.9","41","false","1","180","295","792.1020050288619","10","693.5796382497307"
"1","440","85","6","70","0.71","69","13","0.58","0.07","2.3","18","1.6","0","false","5","170","185","722.7874842695285","10","693.5796382497307"
"1","450","47","10","400","0.07","66","2","0.35000000000000003","0.02","5.7","49","1.8","42","false","1","210","435","726.8703500583022","10","693.5796382497307"
"1","460","99","16","475","0.13","97","19","0.68","0.09","3.9000000000000004","37","2.1","15","true","4","220","80","770.9339925470653","10","693.5796382497307"
"1","470","1","6","210","0.52","12","19","0.77","0.13","1.2","54","0.7000000000000001","30","true","3","310","90","812.2508525463701","10","693.5796382497307"
"1","480","3","8","405","0.9400000000000001","69","14","0.5","0.17","9.6","23","3.9000000000000004","3","true","2","160","205","693.5700330577749","10","693.5700330577749"
"1","490","78","2","65","0.48","80","17","0.59","0.11","7.1000000000000005","0","0.30000000000000004","9","true","1","370","100","727.7121408322723","10","693.5700330577749"
"1","500","40","11","320","0","8","15","0.8200000000000001","0.07","1.4","51","2.4000000000000004","8","true","1","310","45","801.7816711366963","10","693.5700330577749"
"2","10","65","19","410","0.23","33","19","0.96","0.11","4.300000000000001","23","3.3000000000000003","40","true","2","120","295","729.7201060390533","10","729.7201060390533"
"2","20","19","19","400","0.72","22","6","0.15","0.09","6.7","36","0.4","29","false","4","340","230","753.7453799059305","10","729.7201060390533"
"2","30","20","4","110","0.02","26","5","0.75","0.08","3.9000000000000004","7","2.2","15","false","2","100","75","776.1162745485374","10","729.7201060390533"
"2","40","40","7","295","0.18","59","15","0.23","0.13","9.6","56","4.2","18","true","4","400","250","683.8874307644488","10","683.8874307644488"
"2","50","52","7","470","0.6","40","18","0.37","0.13","1.8","1","3.3000000000000003","28","false","5","110","145","682.99462419665","10","682.99462419665"
"2","60","44","11","500","0.5","45","11","0.26","0.09","3.1","19","3.8000000000000003","20","true","2","260","420","878.5245667166957","10","682.99462419665"
"2","70","19","10","430","0.64","69","17","0.27","0","4","41","3.1","2","true","2","230","80","664.9066329340324","10","664.9066329340324"
"2","80","96","6","295","0.15","82","6","0.49","0.01","4","34","1.2000000000000002","33","false","3","80","210","787.3468941028948","10","664.9066329340324"
"2","90","90","0","75","0.5700000000000001","5","8","0.19","0.05","5","37","6.300000000000001","41","false","1","370","255","758.4982450066365","10","664.9066329340324"
"2","100","22","6","470","0.64","48","6","0.11","0.15","1.7000000000000002","38","0.1","33","true","4","290","355","747.0682634161424","10","664.9066329340324"
"2","110","55","8","395","0.04","54","8","0","0.04","7.1000000000000005","13","5","37","false","3","340","405","798.0985416103447","10","664.9066329340324"
"2","120","30","9","85","0.5700000000000001","62","0","0.79","0.17","9.700000000000001","42","3.8000000000000003","32","false","2","160","390","834.21978730091","10","664.9066329340324"
"2","130","23","2","240","0.5700000000000001","51","14","0.74","0.18","2.5","46","3.6","0","true","3","230","85","739.3269948384994","10","664.9066329340324"
"2","140","88","4","110","0.34","57","6","0.15","0.02","3.9000000000000004","11","0","7","false","5","70","220","708.3461887200261","10","664.9066329340324"
"2","150","51","12","115","0.55","26","0","0.66","0.17","4.5","28","1.4000000000000001","9","false","5","200","250","742.5283007429136","10","664.9066329340324"
"2","160","49","6","35","0.26","76","15","0.71","0.04","6.4","0","5","23","true","5","160","435","767.2764145793016","10","664.9066329340324"
"2","170","22","16","355","0.9400000000000001","41","11","0.84","0.07","2.2","10","1.6","5","false","3","100","20","780.8517019245749","10","664.9066329340324"
"2","180","8","18","300","0.56","78","17","0.49","0.1","6","49","0.9","35","false","4","210","340","795.7225270508168","10","664.9066329340324"
"2","190","98","4","200","0.41000000000000003","58","19","0.26","0.04","2.5","41","5.300000000000001","15","false","3","250","50","710.505709507219","10","664.9066329340324"
"2","200","30","17","115","0.11","3","19","0.18","0.18","3.2","7","1.6","11","false","2","270","485","801.0752060201355","10","664.9066329340324"
"2","210","80","10","330","0.04","40","13","0.76","0.06","4","48","4.6000000000000005","44","false","4","280","300","674.5590816100326","10","664.9066329340324"
"2","220","36","18","95","0.68","87","0","0.49","0.02","3.5","29","0.1","0","false","2","50","345","709.4830659263927","10","664.9066329340324"
"2","230","64","4","5","0.8300000000000001","87","11","0.07","0.1","2.7","41","2.1","28","false","3","40","190","760.1040416775696","10","664.9066329340324"
"2","240","58","18","35","0.91","51","11","0.86","0.1","6.7","37","1.6","4","false","3","220","60","714.2397517719089","10","664.9066329340324"
"2","250","40","12","55","0.45","10","9","0.62","0.14","7.4","42","2.9000000000000004","38","false","1","0","95","766.2873119411112","10","664.9066329340324"
"2","260","33","5","135","0.23","4","11","0.26","0.1","7.300000000000001","60","5.7","28","true","1","320","300","771.181730322992","10","664.9066329340324"
"2","270","11","3","425","0.04","32","19","0.85","0.08","6.2","27","2","43","false","5","300","325","724.8046922461405","10","664.9066329340324"
"2","280","41","4","275","0.41000000000000003","30","2","0.9400000000000001","0.17","4.7","19","0.2","23","false","2","390","140","782.7364063082475","10","664.9066329340324"
"2","290","78","6","330","0.56","13","4","0","0.15","9.4","50","3","38","true","5","0","150","663.309012863612","10","663.309012863612"
"2","300","6","14","350","0.66","3","10","0.16","0.1","2.6","19","5.9","28","false","4","20","45","757.6205568302732","10","663.309012863612"
"2","310","16","15","260","0.62","88","10","0.07","0.05","4.9","1","0.7000000000000001","0","false","3","250","310","690.9427948667909","10","663.309012863612"
"2","320","67","10","410","0.9500000000000001","97","0","0.19","0.05","8.8","35","2.9000000000000004","0","false","4","310","400","696.3517079252672","10","663.309012863612"
"2","330","22","4","75","0.75","36","0","0.45","0.05","6","30","1.2000000000000002","10","true","5","90","150","801.8754039588079","10","663.309012863612"
"2","340","83","7","90","0.16","83","10","0.79","0.01","1.6","0","3.5","16","true","1","120","295","768.2638681164424","10","663.309012863612"
"2","350","5","0","275","0.31","47","9","0.07","0.12","4.9","20","5.300000000000001","33","true","2","330","425","782.4246762146706","10","663.309012863612"
"2","360","3","11","45","0.07","58","0","0.67","0.17","4.1","23","6","28","false","5","270","375","689.4064005381089","10","663.309012863612"
"2","370","8","3","275","0","96","3","0.7000000000000001","0.13","2.8","42","5.7","40","false","3","340","470","745.6331646644455","10","663.309012863612"
"2","380","25","0","55","0.52","46","2","0.37","0.1","6.4","58","5.800000000000001","13","false","5","380","260","778.8831344267088","10","663.309012863612"
"2","390","55","5","75","0.78","75","7","0.79","0.15","4.2","8","6.1000000000000005","24","false","4","50","140","764.0381141100836","10","663.309012863612"
"2","400","90","11","205","0.58","96","6","0.58","0.1","4.9","23","6.1000000000000005","41","false","5","0","25","788.8866973127444","10","663.309012863612"
"2","410","11","6","75","0.13","50","5","0.8200000000000001","0.09","5.7","15","2.8000000000000003","33","true","5","320","10","701.8906057699052","10","663.309012863612"
"2","420","62","15","320","0.6","36","17","0.07","0.07","10","36","5.5","20","true","1","250","270","804.6084605967633","10","663.309012863612"
"2","430","94","14","450","0.35000000000000003","45","7","0.64","0.08","2.6","0","3","26","true","1","130","460","780.4408470746274","10","663.309012863612"
"2","440","98","14","140","0.41000000000000003","70","6","0.39","0.02","9.1","9","4.9","15","false","1","70","10","705.4233002165854","10","663.309012863612"
"2","450","37","14","320","0.3","73","10","0.18","0.05","6.4","54","1.1","12","true","1","340","85","676.281707716558","10","663.309012863612"
"2","460","68","8","130","0.73","36","0","0.98","0.02","1.7000000000000002","37","5.7","21","true","3","50","110","779.2950490742903","10","663.309012863612"
"2","470","26","9","470","0.98","95","0","0.73","0.01","7.4","3","1.5","11","false","2","240","130","729.4410696161407","10","663.309012863612"
"2","480","100","5","265","0","75","13","0.35000000000000003","0","9.1","30","3.2","4","true","1","40","60","737.3524888806111","10","663.309012863612"
"2","490","11","16","55","0.67","87","10","0.85","0.14","2.7","18","2.9000000000000004","0","true","2","250","230","766.0352498424098","10","663.309012863612"
"2","500","30","13","425","0.48","20","0","0.78","0.12","7.300000000000001","60","6.4","35","true","2","140","435","737.2122252205146","10","663.309012863612"
"3","10","1","11","465","0.5700000000000001","70","10","0.87","0.14","4.2","11","1.1","9","true","3","140","385","784.190151069458","10","784.190151069458"
"3","20","43","10","480","0.71","80","8","0.2","0.18","2","43","3.5","32","false","4","300","25","748.855030950723","10","748.855030950723"
"3","30","59","4","65","0.99","2","9","0.99","0.03","3.2","35","5","11","false","5","250","245","693.7123633507694","10","693.7123633507694"
"3","40","53","1","395","0.26","2","14","0.15","0.16","10","26","0.7000000000000001","23","false","3","370","455","748.3727055800393","10","693.7123633507694"
"3","50","76","15","450","0.22","44","19","0.8200000000000001","0.15","4.1","44","2.2","28","true","3","340","60","694.207504258259","10","693.7123633507694"
"3","60","84","10","300","1","3","4","0.3","0.07","3.1","6","3.1","0","false","5","230","375","784.3859999516286","10","693.7123633507694"
"3","70","17","12","470","0.78","40","17","0.52","0.12","9.5","29","0.4","18","true","4","250","225","714.9008060686134","10","693.7123633507694"
"3","80","77","17","355","0.9500000000000001","69","6","0.8200000000000001","0.15","4.2","39","5.5","3","false","5","400","60","765.3706008406796","10","693.7123633507694"
"3","90","98","19","450","0.3","4","0","0.4","0.08","3.9000000000000004","45","1.7000000000000002","4","true","4","320","105","699.58373584579","10","693.7123633507694"
"3","100","33","9","280","0.9400000000000001","20","19","0.15","0.15","4.9","54","6.5","2","false","1","90","500","759.6373661142243","10","693.7123633507694"
"3","110","3","13","420","0.6","58","9","0.39","0.15","8.7","49","0","43","false","4","110","295","774.955551684971","10","693.7123633507694"
"3","120","70","17","110","0.79","31","0","0.17","0.05","5.7","51","1","30","false","4","30","325","780.8593106638382","10","693.7123633507694"
"3","130","72","0","55","0.65","34","1","0.61","0.12","1.2","44","4.1000000000000005","28","true","3","0","35","691.433549411873","10","691.433549411873"
"3","140","37","11","55","0.72","16","6","0.73","0.01","5.2","42","5.300000000000001","19","true","1","270","110","717.2252773883105","10","691.433549411873"
"3","150","69","14","310","0.35000000000000003","18","18","0.37","0.04","4.9","11","0.5","29","false","1","0","10","777.1113003896176","10","691.433549411873"
"3","160","82","0","185","0.61","19","19","0.2","0.18","5.9","28","2.2","45","true","4","160","315","788.8472821055213","10","691.433549411873"
"3","170","11","11","455","0.37","68","0","0.19","0.15","8.2","37","6.2","23","false","2","70","340","752.4694588221798","10","691.433549411873"
"3","180","1","14","170","0.22","20","4","0.64","0.12","2.1","4","2.7","28","false","2","250","265","742.9594507991903","10","691.433549411873"
"3","190","1","14","20","0.26","98","0","0.18","0.02","9.3","3","5.2","35","false","1","190","455","781.4679248524659","10","691.433549411873"
"3","200","64","11","450","0.8300000000000001","65","3","0.34","0.15","1.2","34","1.3","17","false","4","110","135","815.471472529538","10","691.433549411873"
"3","210","37","4","435","0.67","7","5","0.53","0.16","8.7","37","0.30000000000000004","15","true","4","170","160","778.1987933239513","10","691.433549411873"
"3","220","51","18","75","0.74","72","3","0.8200000000000001","0.18","3","41","5.6000000000000005","15","false","4","270","365","705.7624725626295","10","691.433549411873"
"3","230","42","10","410","0.66","19","5","0.67","0.1","6.7","35","0.30000000000000004","0","false","2","80","180","793.4447041581305","10","691.433549411873"
"3","240","40","8","165","0.53","82","17","0.14","0.1","6.7","3","2.6","8","true","3","0","80","763.568441971754","10","691.433549411873"
"3","250","83","8","190","0.04","63","9","0.32","0.03","2.2","15","5.9","15","true","3","210","310","687.1143559854113","10","687.1143559854113"
"3","260","56","2","235","0.33","70","2","1","0.05","4.4","4","1.2000000000000002","5","true","4","310","265","799.0346376676388","10","687.1143559854113"
"3","270","58","5","265","0.58","42","4","0.75","0.07","2.5","11","3.9000000000000004","9","false","5","120","120","731.9871944660265","10","687.1143559854113"
"3","280","20","4","285","0.42","100","17","0.22","0.15","7.1000000000000005","15","3.7","43","true","3","230","80","654.0949433717054","10","654.0949433717054"
"3","290","89","8","260","0.76","74","3","0.9","0.06","8.600000000000001","41","0.8","3","true","4","210","220","850.1516036187244","10","654.0949433717054"
"3","300","37","2","380","0.56","53","13","0.61","0.18","6.7","48","1.4000000000000001","31","true","1","150","280","775.4230632417722","10","654.0949433717054"
"3","310","35","15","345","0.72","58","3","0.77","0.01","2.1","15","1","41","true","3","180","420","739.2967625875085","10","654.0949433717054"
"3","320","69","19","310","0.3","85","20","0.67","0.12","9.1","24","2","5","true","4","130","415","764.9740715271622","10","654.0949433717054"
"3","330","91","5","300","0.24","25","2","0.06","0.05","9.9","20","2.2","3","false","3","90","250","721.7947533960413","10","654.0949433717054"
"3","340","1","2","150","0.45","26","13","0.72","0.13","5.2","25","2.7","8","true","4","290","90","714.0365365739493","10","654.0949433717054"
"3","350","46","3","315","0.79","14","11","0.19","0.14","3.7","18","2.9000000000000004","17","false","3","290","110","743.9864489004882","10","654.0949433717054"
"3","360","21","17","270","0.91","62","1","0.37","0.02","8.9","50","6.2","25","false","1","320","240","669.0458570856409","10","654.0949433717054"
"3","370","65","19","470","0.33","62","1","0.23","0.04","7.6000000000000005","25","1.4000000000000001","45","true","1","90","130","745.6019692712013","10","654.0949433717054"
"3","380","11","8","80","0.72","58","7","0.52","0.03","8","41","6.300000000000001","12","true","5","90","265","710.9885922661615","10","654.0949433717054"
"3","390","65","14","105","0.26","74","0","0.67","0.18","6.5","17","5.6000000000000005","38","false","5","290","225","790.177162225146","10","654.0949433717054"
"3","400","97","20","85","0.5700000000000001","3","5","0.6","0.05","4.1","41","0.8","11","false","3","140","395","758.4817652991321","10","654.0949433717054"
"3","410","9","4","100","0.5","31","1","0.64","0.17","1.5","16","3.1","41","false","4","380","215","763.3147649803361","10","654.0949433717054"
"3","420","12","8","280","0.97","46","18","0.37","0.03","6.2","10","2.5","30","false","5","400","220","694.0699080329757","10","654.0949433717054"
"3","430","29","5","125","0.9400000000000001","26","14","0.64","0.03","8.600000000000001","45","0.6000000000000001","26","false","4","40","105","802.1024894146466","10","654.0949433717054"
"3","440","5","8","500","0.6","48","4","0.38","0.03","3.6","30","4.800000000000001","45","false","3","320","85","785.8093401191313","10","654.0949433717054"
"3","450","37","10","75","0.5","17","8","0.9400000000000001","0.02","8.5","6","3.5","0","true","4","230","490","680.5789904203187","10","654.0949433717054"
"3","460","57","13","425","0.5700000000000001","8","4","0.6900000000000001","0.05","1.4","7","4","8","false","4","220","180","671.786778090204","10","654.0949433717054"
"3","470","59","11","45","0.62","21","1","0.75","0.05","10","18","4.800000000000001","21","false","1","210","460","755.4668558879537","10","654.0949433717054"
"3","480","9","0","160","0.91","60","16","0.37","0.17","2.7","20","6.1000000000000005","36","true","3","120","135","785.9538244682666","10","654.0949433717054"
"3","490","15","3","120","0.4","4","15","0.76","0.05","8.100000000000001","2","4","1","true","3","100","405","826.7014846930697","10","654.0949433717054"
"3","500","2","13","465","0.31","61","7","0.79","0","9.6","59","1.8","6","true","4","0","60","814.0820683453567","10","654.0949433717054"
"4","10","77","20","335","0.72","35","8","0.17","0.15","8.100000000000001","53","2.1","8","false","4","340","180","714.311787602561","10","714.311787602561"
"4","20","26","8","230","0.28","31","0","0.7000000000000001","0.05","7.4","25","2.5","20","true","4","80","485","751.4239114329393","10","714.311787602561"
"4","30","57","17","205","0.1","22","19","0.07","0.03","3.7","55","1.1","18","false","4","390","470","702.6241116124077","10","702.6241116124077"
"4","40","81","10","170","0.32","25","3","0.86","0.14","7.300000000000001","31","5","22","false","1","240","405","773.2910256583243","10","702.6241116124077"
"4","50","8","19","300","0.54","97","2","0.56","0.17","5.800000000000001","14","6.1000000000000005","10","true","5","50","175","819.7078261857063","10","702.6241116124077"
"4","60","14","6","95","0.91","19","7","0.9400000000000001","0.05","6.800000000000001","13","5.9","5","false","4","250","260","640.0116732210803","10","640.0116732210803"
"4","70","85","7","430","0.17","22","6","0.97","0.01","7.7","7","5.5","6","true","1","390","285","793.4828621804297","10","640.0116732210803"
"4","80","23","2","20","0.42","40","16","0.22","0.17","8.100000000000001","8","4.3","40","true","3","320","430","813.868100743506","10","640.0116732210803"
"4","90","62","17","300","0.84","12","18","0.33","0","7.300000000000001","33","5.4","10","true","1","180","135","744.0758031604893","10","640.0116732210803"
"4","100","43","12","500","0.67","59","2","0.14","0.05","2","55","2.4000000000000004","26","true","4","180","250","766.2272938147009","10","640.0116732210803"
"4","110","72","3","395","0.49","55","8","0.38","0.13","6.2","27","2.4000000000000004","33","false","5","220","235","734.5163985461647","10","640.0116732210803"
"4","120","12","9","285","0.18","26","8","0.2","0.07","3.7","13","2.1","10","false","3","250","445","737.7781124456247","10","640.0116732210803"
"4","130","58","14","395","0.49","73","8","0.9400000000000001","0.12","6","14","4.2","43","true","4","270","340","715.7382812803154","10","640.0116732210803"
"4","140","4","10","275","0.74","19","15","0.07","0.04","4.4","11","4.3","23","true","3","120","220","767.3242999678224","10","640.0116732210803"
"4","150","1","11","360","0.28","94","16","0.41000000000000003","0.05","2.3","12","1","41","false","1","230","180","662.8052356687932","10","640.0116732210803"
"4","160","33","8","340","0.18","62","9","0.84","0.05","1.8","14","4.800000000000001","8","false","1","190","15","765.977172122524","10","640.0116732210803"
"4","170","94","18","450","0.99","51","10","0.75","0.1","1.2","40","6.300000000000001","40","false","5","30","280","785.3","10","640.0116732210803"
"4","180","90","4","420","0.93","3","15","0.3","0.17","2.5","42","5","37","false","1","160","165","746.6853060457497","10","640.0116732210803"
"4","190","80","15","380","0.64","5","4","0.8300000000000001","0.04","4.800000000000001","41","6.1000000000000005","39","false","3","100","25","714.0528387198636","10","640.0116732210803"
"4","200","62","8","230","0.45","68","2","0.74","0.13","3.7","31","3.4000000000000004","43","false","3","0","85","826.4282523933034","10","640.0116732210803"
"4","210","38","2","320","0.04","32","0","0.9","0.15","2.2","33","6","28","false","2","260","85","828.9848353904763","10","640.0116732210803"
"4","220","90","12","0","0.34","87","2","0.67","0.07","8.8","43","5.1000000000000005","13","true","4","230","375","690.5405589482832","10","640.0116732210803"
"4","230","22","12","135","0.71","19","6","0.26","0.04","8.2","5","5.4","39","false","5","80","470","824.4280034699019","10","640.0116732210803"
"4","240","20","6","45","0.22","40","12","0.79","0.01","9.9","48","6.5","5","false","4","330","80","702.7524806045082","10","640.0116732210803"
"4","250","80","8","490","0.22","44","9","0.5","0.05","8.4","29","0.9","18","true","4","10","405","706.9586568594425","10","640.0116732210803"
"4","260","59","8","260","0.37","53","5","0.19","0.17","4.800000000000001","14","0.9","2","true","4","50","35","789.5466508218238","10","640.0116732210803"
"4","270","71","14","40","0.64","5","20","0.31","0.08","1.2","41","6.300000000000001","4","true","2","70","130","786.3130537798725","10","640.0116732210803"
"4","280","81","18","165","0.26","61","16","0.91","0.03","6.7","24","5.7","44","true","4","400","390","768.7544057366864","10","640.0116732210803"
"4","290","44","19","95","0.05","5","15","0.6","0.14","4.1","42","3.2","43","true","3","230","250","702.150637973168","10","640.0116732210803"
"4","300","84","10","390","0.76","72","20","0.43","0.05","8.9","26","0.30000000000000004","13","false","5","20","280","739.596069184414","10","640.0116732210803"
"4","310","91","7","315","0.4","22","10","0.26","0.17","8.8","53","3.1","22","true","5","370","410","734.1731195814284","10","640.0116732210803"
"4","320","90","6","40","0.84","15","11","0.55","0.03","6.5","4","6","13","false","1","380","480","728.6757624764714","10","640.0116732210803"
"4","330","11","20","345","0.23","49","13","0.74","0.06","4.7","36","2.2","37","false","1","0","50","810.2701173239444","10","640.0116732210803"
"4","340","99","15","470","0.53","4","2","0.84","0.1","6.4","40","4.5","21","true","5","120","240","815.815525879484","10","640.0116732210803"
"4","350","55","12","450","0.63","51","18","0.88","0","6.7","26","1.2000000000000002","28","false","3","380","95","782.2357101279647","10","640.0116732210803"
"4","360","50","3","235","0.9500000000000001","54","8","0.31","0.15","3.3000000000000003","26","3.9000000000000004","42","false","1","230","495","698.264333445805","10","640.0116732210803"
"4","370","37","8","225","0.43","91","4","0.8300000000000001","0.02","3.8000000000000003","59","3.7","6","true","5","210","445","752.6100311888405","10","640.0116732210803"
"4","380","71","15","420","0.97","22","15","0.98","0.15","6.300000000000001","33","2.8000000000000003","21","true","3","360","385","765.2270026347403","10","640.0116732210803"
"4","390","60","13","300","0.52","32","14","0.41000000000000003","0.12","6.6000000000000005","51","0.7000000000000001","38","true","2","400","215","822.1204971960979","10","640.0116732210803"
"4","400","28","4","215","0.17","76","6","0.66","0.03","1.4","15","4.7","34","true","5","200","320","723.7630466183431","10","640.0116732210803"
"4","410","20","18","430","0.1","81","7","0.53","0.1","4.7","46","0.8","18","true","5","280","10","849.3493716101975","10","640.0116732210803"
"4","420","81","4","275","0.32","87","15","0.29","0.07","1.4","3","4.6000000000000005","23","true","5","190","60","679.5661996388619","10","640.0116732210803"
"4","430","47","10","110","0.71","35","10","0.24","0.02","7.6000000000000005","60","4.9","28","false","4","230","280","839.768189869162","10","640.0116732210803"
"4","440","17","13","110","0.56","9","10","0.2","0.12","5.9","19","0.2","42","true","2","40","370","772.65156941201","10","640.0116732210803"
"4","450","38","15","325","0.9400000000000001","87","0","0.51","0.02","5","0","4.2","33","true","3","390","325","713.4263686742288","10","640.0116732210803"
"4","460","30","10","235","0.22","62","17","0.05","0.18","9.6","44","5.300000000000001","28","true","1","370","415","783.8493349074377","10","640.0116732210803"
"4","470","71","5","465","0.98","47","2","0.22","0.07","7.300000000000001","23","4","13","false","2","270","250","756.4590993861567","10","640.0116732210803"
"4","480","36","2","275","0.45","94","10","0.99","0.1","7.300000000000001","33","5","30","true","1","370","80","757.6892602979228","10","640.0116732210803"
"4","490","3","17","235","0.03","69","12","0.3","0.07","2.9000000000000004","59","0.6000000000000001","25","false","3","250","90","797.3680338790589","10","640.0116732210803"
"4","500","100","2","375","0.45","58","14","0.6","0.08","6.2","15","3.7","41","false","4","0","30","798.5377062394954","10","640.0116732210803"
"5","10","51","14","25","0.67","57","13","0.12","0.17","9.700000000000001","40","2.4000000000000004","4","true","2","290","145","755.4799456242094","10","755.4799456242094"
"5","20","1","8","445","0.63","15","17","0.64","0.07","4.2","13","5.1000000000000005","26","true","3","250","405","744.6449404394273","10","744.6449404394273"
"5","30","89","9","75","0.9","8","0","0.19","0.03","8.9","42","5.300000000000001","43","true","5","50","285","698.2846329047991","10","698.2846329047991"
"5","40","18","6","420","0.01","25","2","0.41000000000000003","0.03","4.9","31","3.2","3","true","4","90","355","770.8563245554503","10","698.2846329047991"
"5","50","18","2","130","0.06","94","16","0.32","0.17","2.6","7","0.2","18","true","1","40","225","820.4065345230159","10","698.2846329047991"
"5","60","59","0","460","0.52","83","19","0.87","0.17","8.100000000000001","42","0","38","false","5","270","265","679.0599801561814","10","679.0599801561814"
"5","70","30","16","5","0.36","51","17","0.23","0.02","3.8000000000000003","58","2.1","9","false","1","280","60","721.5136827132094","10","679.0599801561814"
"5","80","43","17","300","0.35000000000000003","1","19","0.28","0.15","2.9000000000000004","44","1.7000000000000002","29","true","3","190","95","729.0448370688468","10","679.0599801561814"
"5","90","95","2","360","0.42","59","8","0.85","0","9.4","14","3.8000000000000003","26","true","3","320","265","699.1385727182643","10","679.0599801561814"
"5","100","46","13","280","0.43","76","4","0.93","0.07","7.9","53","4.9","9","true","4","60","65","720.1718763651149","10","679.0599801561814"
"5","110","80","10","180","0.25","93","9","0.41000000000000003","0","1.5","27","5.5","42","true","5","340","255","735.6153096960452","10","679.0599801561814"
"5","120","53","3","485","0.9400000000000001","91","11","0.97","0.07","2.7","9","0.4","33","true","4","80","45","783.6","10","679.0599801561814"
"5","130","65","19","55","0.79","30","14","0.64","0.1","8.7","8","2.7","10","false","1","310","365","676.251938978223","10","676.251938978223"
"5","140","72","18","185","0.32","57","4","0.2","0.12","2.5","3","4.7","20","true","5","160","110","786.7989678234919","10","676.251938978223"
"5","150","59","18","300","0.8","76","0","0.16","0.18","4.2","51","1.2000000000000002","21","false","3","20","335","775.6618023171787","10","676.251938978223"
"5","160","67","3","185","0.97","89","11","0.02","0.17","4.2","12","3.9000000000000004","41","true","3","390","250","757.011724779895","10","676.251938978223"
"5","170","40","2","90","0.71","88","18","0.46","0.17","7.2","19","3.1","0","false","5","290","350","720.4696852549118","10","676.251938978223"
"5","180","42","7","175","0.38","47","2","0.74","0.05","1.5","43","0.4","41","true","2","80","65","751.2069935353863","10","676.251938978223"
"5","190","83","12","425","0.64","44","1","0.75","0.07","8.4","51","1.8","20","false","1","110","155","781.1553503823911","10","676.251938978223"
"5","200","84","19","410","0.53","43","18","0.78","0.02","9.4","0","3.2","6","true","5","220","330","734.2276975160569","10","676.251938978223"
"5","210","26","5","485","0.32","69","3","0.6","0.13","4.2","52","0.1","32","true","4","140","455","824.7846943481843","10","676.251938978223"
"5","220","30","19","70","0.49","67","6","0.37","0.07","6.4","47","0.30000000000000004","43","false","1","170","20","723.4574941220046","10","676.251938978223"
"5","230","86","11","120","0.3","4","0","0.11","0.17","6.7","16","0.2","17","true","1","260","210","777.5622049929656","10","676.251938978223"
"5","240","79","11","225","0.78","83","15","0.71","0.16","1.5","22","4.9","33","false","1","290","190","798.7244353090986","10","676.251938978223"
"5","250","36","12","205","0.63","47","0","0.5","0.08","4.1","24","5","33","false","3","100","110","757.3119047346681","10","676.251938978223"
"5","260","50","18","320","0.52","93","18","0.29","0.15","1.3","33","0.8","20","true","1","190","490","732.0970612169756","10","676.251938978223"
"5","270","83","13","460","0.28","53","18","0.23","0.03","9.6","31","5.9","28","false","3","350","285","789.4722368479154","10","676.251938978223"
"5","280","2","20","410","0.36","55","13","0.71","0.19","2.5","12","3.7","1","false","4","240","20","763.511082525071","10","676.251938978223"
"5","290","87","16","95","0.93","33","3","0.52","0.07","9.200000000000001","60","5.1000000000000005","20","false","2","10","180","711.6962389102091","10","676.251938978223"
"5","300","5","4","485","0.9500000000000001","43","16","0.9","0.1","9.6","57","4","26","true","3","340","260","705.7191272758263","10","676.251938978223"
"5","310","12","8","275","0.19","55","11","0.52","0.1","4.4","51","5.2","24","true","2","60","80","691.999429668095","10","676.251938978223"
"5","320","98","4","220","0.68","47","10","0.66","0.14","7.6000000000000005","20","2.5","6","false","4","280","490","775.4432861044913","10","676.251938978223"
"5","330","5","4","435","0.12","94","14","0.4","0.08","3.5","27","4.800000000000001","11","false","5","340","455","692.2537720964597","10","676.251938978223"
"5","340","37","4","435","0.9","88","0","0.26","0.07","3.4000000000000004","56","2.9000000000000004","19","false","3","130","15","807.5807780624259","10","676.251938978223"
"5","350","69","3","345","0.9400000000000001","31","6","0.6","0.07","9.6","11","4","36","true","4","60","200","705.0251182453424","10","676.251938978223"
"5","360","65","3","345","0.28","77","11","0.89","0.04","3.8000000000000003","59","2","43","true","3","140","320","797.8711178804399","10","676.251938978223"
"5","370","37","16","440","0.11","55","12","0.49","0.03","6.300000000000001","26","1.5","39","false","5","70","185","702.9368303390537","10","676.251938978223"
"5","380","49","6","310","0.31","33","15","0.29","0.12","9.6","55","3.3000000000000003","15","false","4","50","385","735.6618686435346","10","676.251938978223"
"5","390","94","17","30","0.84","28","8","0.88","0.08","1.1","50","3.8000000000000003","12","true","4","180","265","746.9052505122911","10","676.251938978223"
"5","400","18","15","280","0.26","69","9","0.55","0.12","4.9","18","2.3000000000000003","27","false","4","220","195","841.550558209325","10","676.251938978223"
"5","410","26","14","395","0.27","1","15","0.74","0.07","8.100000000000001","58","2","38","true","4","270","245","724.4330881688711","10","676.251938978223"
"5","420","58","0","240","0.85","48","10","0.15","0.02","3.3000000000000003","0","2.8000000000000003","14","true","4","100","315","712.2179621520634","10","676.251938978223"
"5","430","31","3","295","0.14","83","4","0.35000000000000003","0.09","3.1","4","3.9000000000000004","12","true","3","90","440","691.6365335232838","10","676.251938978223"
"5","440","96","9","240","0.85","65","3","0.7000000000000001","0.08","1.3","36","0.6000000000000001","30","true","4","110","480","717.890639180749","10","676.251938978223"
"5","450","81","6","380","0.02","47","17","0.56","0.04","5.7","44","4","5","false","3","190","235","748.9224357001501","10","676.251938978223"
"5","460","37","2","0","0.03","72","6","0.9500000000000001","0.18","7.2","0","0.6000000000000001","13","false","1","350","110","726.8483513845314","10","676.251938978223"
"5","470","84","3","375","0.86","39","2","0.46","0","1.7000000000000002","27","2.4000000000000004","18","true","5","310","405","796.7766397551156","10","676.251938978223"
"5","480","87","5","260","0.3","87","16","0.15","0.16","8.600000000000001","48","3.4000000000000004","23","false","5","160","385","728.9000284936668","10","676.251938978223"
"5","490","55","4","10","0.17","22","11","0","0.03","4.6","9","5.6000000000000005","12","true","5","140","95","794.9923610506178","10","676.251938978223"
"5","500","3","4","125","0.55","6","4","0.41000000000000003","0.13","5","20","0.9","20","true","3","200","185","768.4255616028001","10","676.251938978223"
"6","10","100","11","335","0.59","84","15","0.62","0.02","4.300000000000001","60","3.8000000000000003","18","false","3","20","460","833.6688627433496","10","833.6688627433496"
"6","20","53","18","230","0.71","72","15","0.61","0.08","4.2","50","4.6000000000000005","41","true","3","150","305","758.9927664729674","10","758.9927664729674"
"6","30","8","5","490","0.97","57","2","0.51","0","1.1","10","6.300000000000001","10","false","5","0","435","687.8557852170115","10","687.8557852170115"
"6","40","73","4","80","0.86","33","8","0.04","0","9.4","50","2.2","10","true","2","70","120","824.6029735865068","10","687.8557852170115"
"6","50","63","18","390","0.79","6","15","0.29","0.1","8.3","54","6.2","3","false","3","20","190","765.9877019936575","10","687.8557852170115"
"6","60","94","8","440","0.53","89","18","0.8","0","6.1000000000000005","55","5.300000000000001","43","true","4","140","325","813.8517610922547","10","687.8557852170115"
"6","70","62","14","260","0.48","68","0","0.41000000000000003","0.17","8.4","60","6","21","false","1","240","350","765.84873800478","10","687.8557852170115"
"6","80","6","15","155","0.34","83","18","0.12","0.03","3.5","60","1.8","38","true","3","200","485","754.3897474799785","10","687.8557852170115"
"6","90","84","6","250","0.01","9","2","0.73","0.1","7.5","28","1.8","18","false","4","230","325","721.1923037547774","10","687.8557852170115"
"6","100","22","5","325","0.06","15","4","0.9","0.05","2","56","5.300000000000001","18","false","5","360","25","722.3096400014837","10","687.8557852170115"
"6","110","13","6","210","0.33","63","0","0.81","0.08","4.9","53","6.2","23","true","4","190","260","718.0730619456319","10","687.8557852170115"
"6","120","78","6","160","0.65","73","4","0.22","0.13","5.2","20","3.6","19","true","3","90","335","750.7277212779175","10","687.8557852170115"
"6","130","73","11","485","0.6","86","6","0.39","0.11","2.6","23","2.2","28","false","3","20","20","818.3111615086974","10","687.8557852170115"
"6","140","41","1","150","0.24","90","5","0.59","0.18","8.9","27","3.3000000000000003","30","false","1","50","260","783.8366040442068","10","687.8557852170115"
"6","150","44","6","225","0.9","59","5","0.44","0.07","1.5","41","0.2","33","false","2","230","470","847.515487042265","10","687.8557852170115"
"6","160","76","17","355","0","98","8","0.8","0.04","3.8000000000000003","32","4.3","14","false","4","0","155","774.8881387349509","10","687.8557852170115"
"6","170","65","4","130","0.5700000000000001","100","9","0","0.12","3.1","18","0.5","36","false","2","20","40","832.3462693758171","10","687.8557852170115"
"6","180","97","2","435","0.7000000000000001","80","8","0.86","0.13","9.6","48","0.7000000000000001","43","false","3","180","300","731.011172314503","10","687.8557852170115"
"6","190","92","15","355","0.19","1","14","0.74","0.08","3.1","47","2.9000000000000004","43","true","3","100","415","696.0796108955021","10","687.8557852170115"
"6","200","92","4","0","0.55","43","10","0.38","0.09","4","48","5.2","37","true","5","0","10","737.4027194524315","10","687.8557852170115"
"6","210","47","20","90","0.09","80","17","0.87","0.14","5.2","9","6.1000000000000005","23","false","3","320","300","818.7577351255567","10","687.8557852170115"
"6","220","95","12","255","0.17","80","2","0.71","0.1","8.4","25","2.2","26","false","1","280","360","789.2360699074394","10","687.8557852170115"
"6","230","43","4","255","0.89","80","1","0.87","0.04","3.6","58","6.5","24","true","4","190","135","708.7791813763422","10","687.8557852170115"
"6","240","78","4","375","0.43","5","20","0.49","0.07","4","41","5.1000000000000005","14","false","3","250","25","756.3443056377774","10","687.8557852170115"
"6","250","76","9","150","0.49","48","13","0.56","0.16","9.9","0","5.6000000000000005","36","true","5","240","70","821.999469528307","10","687.8557852170115"
"6","260","73","8","450","0","89","6","0.11","0.18","5.7","59","3.5","33","true","3","200","115","768.4637086420038","10","687.8557852170115"
"6","270","5","4","95","0.23","6","14","0.19","0.06","9.1","4","4.800000000000001","15","false","1","170","200","717.8539573771657","10","687.8557852170115"
"6","280","38","11","170","0.49","92","15","0.84","0.09","8.9","39","2.3000000000000003","0","false","1","120","495","709.1936370289297","10","687.8557852170115"
"6","290","47","9","85","0.8300000000000001","88","2","0.9400000000000001","0.1","5.7","20","2.2","44","false","4","40","60","729.0805180600679","10","687.8557852170115"
"6","300","13","6","230","0.9400000000000001","26","2","0.78","0.13","8.8","57","3.3000000000000003","5","false","3","50","45","668.59127821262","10","668.59127821262"
"6","310","45","17","470","0.9","14","12","0.15","0.19","5.2","28","1.7000000000000002","45","false","2","270","10","825.2104308217182","10","668.59127821262"
"6","320","28","4","290","0.12","46","17","0.3","0.18","4.1","50","5","28","true","4","200","420","767.6983525633065","10","668.59127821262"
"6","330","80","6","400","0.9500000000000001","40","11","0.65","0.18","2.5","37","0.5","1","false","3","230","425","741.1857157305252","10","668.59127821262"
"6","340","14","13","65","0.01","17","20","0.34","0.02","4.9","41","5.2","14","false","4","120","420","763.5172784225153","10","668.59127821262"
"6","350","48","18","465","0.01","44","3","0.59","0.18","7.300000000000001","34","4","33","false","4","370","115","792.8129931685369","10","668.59127821262"
"6","360","5","6","380","0.29","54","10","0.98","0.15","9.1","2","1.7000000000000002","30","false","1","20","440","717.9117105983771","10","668.59127821262"
"6","370","95","16","185","0.19","69","8","0.08","0","9.4","6","4","36","true","2","210","465","782.1921133541266","10","668.59127821262"
"6","380","79","2","445","0.72","94","1","0.9","0.08","1.5","8","2.6","30","false","5","110","315","767.4122679855411","10","668.59127821262"
"6","390","51","7","35","0.51","65","13","0.06","0.17","4.1","54","2.7","24","true","2","190","305","811.1614485434333","10","668.59127821262"
"6","400","23","11","0","0.07","65","6","0.71","0.12","9.4","51","4.3","12","false","4","350","185","738.3094101594912","10","668.59127821262"
"6","410","58","19","275","0.3","29","4","0.49","0.07","1.7000000000000002","46","2.5","31","true","1","340","175","822.8991671032998","10","668.59127821262"
"6","420","26","19","130","0.47000000000000003","50","10","0.11","0.11","1.2","51","4.7","13","false","1","230","470","709.367108971727","10","668.59127821262"
"6","430","52","6","390","0.15","24","13","0.52","0.19","9.4","48","5.6000000000000005","9","true","3","40","215","726.9816010137068","10","668.59127821262"
"6","440","77","2","165","0.45","42","0","0.66","0.08","7.6000000000000005","57","5.5","38","false","4","370","190","703.9656409031022","10","668.59127821262"
"6","450","86","1","325","0.77","98","17","0.72","0.18","1.5","30","2.2","16","true","4","390","480","643.6946921723045","10","643.6946921723045"
"6","460","41","13","375","0.1","86","2","0.35000000000000003","0.13","2.3","51","6.1000000000000005","19","true","4","270","25","761.4656950258769","10","643.6946921723045"
"6","470","65","3","310","0.12","70","5","0.39","0.12","3.1","34","5.2","10","false","5","160","90","814.6092398624144","10","643.6946921723045"
"6","480","19","3","245","0.42","35","7","0.43","0.02","4.4","36","1.9000000000000001","12","false","2","120","215","859.5228032588672","10","643.6946921723045"
"6","490","95","17","85","0.11","32","7","0.67","0.19","4.2","36","2.6","22","false","1","200","140","797.7166938267338","10","643.6946921723045"
"6","500","9","15","10","0.84","58","7","0.64","0.06","2.2","22","5.6000000000000005","0","true","5","340","125","773.2512934894002","10","643.6946921723045"
"7","10","5","13","200","0.9400000000000001","52","4","0.11","0.09","8.100000000000001","12","0.7000000000000001","3","false","5","320","305","743.908849301966","10","743.908849301966"
"7","20","99","15","240","0.86","100","5","0.24","0.08","4.2","19","0","13","false","4","320","60","677.31693631826","10","677.31693631826"
"7","30","9","11","135","0.9500000000000001","48","12","0.23","0","8.5","23","6.1000000000000005","43","true","4","390","355","745.6709328123573","10","677.31693631826"
"7","40","63","6","80","0.8200000000000001","6","15","0.84","0.08","6.800000000000001","52","4.4","18","false","4","290","430","653.540163655003","10","653.540163655003"
"7","50","58","12","490","0.42","76","11","0.4","0.01","9.200000000000001","10","0.6000000000000001","17","false","3","310","475","722.4919019041779","10","653.540163655003"
"7","60","68","6","150","0.34","80","12","0.96","0.15","3.4000000000000004","7","5.800000000000001","5","false","1","180","500","815.7292309586499","10","653.540163655003"
"7","70","15","11","430","0.8200000000000001","39","5","0.26","0.19","5.3","45","4.4","29","false","5","100","110","756.4901570495387","10","653.540163655003"
"7","80","72","8","35","0.36","59","15","0.66","0.01","3.2","33","5.9","42","false","3","380","110","734.8906138342205","10","653.540163655003"
"7","90","22","6","230","0.04","57","20","0.86","0","4.9","51","0.4","37","true","1","120","265","724.6960076813649","10","653.540163655003"
"7","100","15","2","175","0.2","78","17","0.22","0.01","6.9","0","0.7000000000000001","13","true","4","240","475","640.6016922403498","10","640.6016922403498"
"7","110","84","6","330","0.31","37","20","0.17","0.11","4.7","15","0.9","17","true","1","180","335","860.114697912343","10","640.6016922403498"
"7","120","6","18","400","0.93","76","18","0.9500000000000001","0","4.300000000000001","22","6","0","false","2","270","105","761.2665093770855","10","640.6016922403498"
"7","130","43","20","115","0.46","76","6","0.79","0.1","1.2","28","5.1000000000000005","28","false","4","160","345","679.793008929968","10","640.6016922403498"
"7","140","2","19","170","0.34","19","13","0.23","0.12","1.9","0","2.2","24","true","1","80","180","763.4113620618267","10","640.6016922403498"
"7","150","12","11","20","0.92","81","13","0.87","0.11","1.6","59","6.300000000000001","5","false","4","350","285","738.3937886223696","10","640.6016922403498"
"7","160","3","20","430","0.11","50","8","0.68","0.02","2.6","35","2.8000000000000003","21","false","3","0","390","762.347695351212","10","640.6016922403498"
"7","170","47","1","265","0.52","12","2","0.49","0.04","1.7000000000000002","34","1.4000000000000001","45","false","1","260","450","699.6094240230859","10","640.6016922403498"
"7","180","99","7","330","0.01","46","14","0.2","0.05","4.4","59","4.3","28","true","4","100","315","779.8244344956163","10","640.6016922403498"
"7","190","19","20","360","0.41000000000000003","83","12","0.34","0.15","7.1000000000000005","47","1.3","23","true","3","340","180","713.9291368984034","10","640.6016922403498"
"7","200","70","9","460","0.74","91","12","0.85","0.08","1.1","9","2.4000000000000004","43","true","4","90","465","756.5332061773922","10","640.6016922403498"
"7","210","27","15","55","0.54","57","17","0.45","0.05","3.2","43","5.800000000000001","15","false","1","120","145","695.8868723990641","10","640.6016922403498"
"7","220","99","19","355","0.49","87","8","0.11","0.15","7.2","29","6.5","26","true","1","360","105","753.9936716615518","10","640.6016922403498"
"7","230","49","4","300","0.9400000000000001","26","11","0.34","0.03","2.3","7","5.6000000000000005","4","true","4","210","165","703.7510271991149","10","640.6016922403498"
"7","240","64","3","110","0.62","12","10","0.2","0.12","7.6000000000000005","2","3.1","0","false","4","160","390","832.0948247642567","10","640.6016922403498"
"7","250","81","11","185","0.68","25","4","0.79","0.18","6.7","19","1.9000000000000001","20","false","5","150","265","689.9655755500811","10","640.6016922403498"
"7","260","8","13","425","0.15","44","19","0.19","0.11","9.700000000000001","51","4.2","27","false","5","150","235","731.2697483872746","10","640.6016922403498"
"7","270","16","3","140","0.06","44","8","0.62","0.08","9.1","57","1","31","false","3","280","390","731.0599448185378","10","640.6016922403498"
"7","280","40","10","225","0.73","69","13","0.86","0.18","6.300000000000001","4","4.5","17","true","4","210","285","696.0902286841658","10","640.6016922403498"
"7","290","95","1","185","0.92","20","8","0.61","0.11","6.2","19","6.2","43","true","1","20","480","687.8737490468326","10","640.6016922403498"
"7","300","46","0","20","0.41000000000000003","4","9","0.49","0.17","3.1","51","2.9000000000000004","7","false","1","120","95","774.1542126982356","10","640.6016922403498"
"7","310","18","0","330","0.07","88","12","0.9400000000000001","0.05","4.2","1","1.6","29","true","3","210","55","696.1409342495701","10","640.6016922403498"
"7","320","21","18","165","0.9400000000000001","14","15","0.42","0.1","1.7000000000000002","2","4.7","33","false","1","290","195","750.4011296460747","10","640.6016922403498"
"7","330","7","20","90","0.32","83","13","0.06","0.09","5.9","56","4.3","24","false","4","270","415","774.4983110885667","10","640.6016922403498"
"7","340","71","13","285","0.45","78","11","0.52","0.1","3.8000000000000003","40","1.2000000000000002","20","false","4","260","10","759.4597804140252","10","640.6016922403498"
"7","350","22","0","120","0.79","54","19","0.76","0.17","3.7","42","0.4","38","true","4","160","40","796.9721787951996","10","640.6016922403498"
"7","360","25","17","405","0.24","44","4","0.31","0.17","8.100000000000001","0","0.30000000000000004","16","false","3","140","130","783.9315812393231","10","640.6016922403498"
"7","370","100","6","210","0.64","75","13","0.71","0.19","1.2","47","1.2000000000000002","36","false","1","180","455","715.2172199840711","10","640.6016922403498"
"7","380","62","2","140","0.19","61","0","0.3","0.08","4.5","2","0.6000000000000001","13","false","5","330","170","805.6561053754278","10","640.6016922403498"
"7","390","19","20","145","0.29","62","4","0.43","0.13","8.2","3","3.2","30","true","4","340","115","754.0383273664601","10","640.6016922403498"
"7","400","38","2","40","0.13","56","12","0.79","0.13","4.300000000000001","20","5.9","41","true","5","180","305","715.5466949999782","10","640.6016922403498"
"7","410","12","17","185","0.79","25","17","0.8300000000000001","0.1","7.800000000000001","46","4.7","33","false","1","290","225","782.5931441256342","10","640.6016922403498"
"7","420","100","5","450","0.99","28","10","0.67","0.11","2.7","4","5.7","30","true","3","290","430","706.0238081792843","10","640.6016922403498"
"7","430","33","13","185","0.97","89","9","0.6","0.19","6.1000000000000005","41","6","43","true","2","20","455","766.7452218767008","10","640.6016922403498"
"7","440","59","12","40","0.77","10","0","0.36","0.09","5.4","0","3.1","23","false","4","20","195","715.9377339320203","10","640.6016922403498"
"7","450","89","15","300","0.65","45","11","0.15","0","2","32","5.2","41","true","5","290","270","727.0570298110915","10","640.6016922403498"
"7","460","96","8","185","0.9400000000000001","2","0","0.39","0.03","1","44","2.3000000000000003","25","true","1","320","95","647.590749551269","10","640.6016922403498"
"7","470","33","13","20","0.53","35","11","0.03","0","7.5","45","5.9","22","false","3","320","320","753.5286934495641","10","640.6016922403498"
"7","480","7","20","0","0.21","29","16","0.96","0.02","3.9000000000000004","18","6","22","false","4","140","370","674.9508149026176","10","640.6016922403498"
"7","490","44","5","480","0.6","80","10","0.9500000000000001","0","3.7","18","5","20","true","1","210","485","740.4038125641853","10","640.6016922403498"
"7","500","53","6","340","0.76","62","15","0.54","0.17","6.7","51","1.1","42","false","3","190","95","820.2112379701072","10","640.6016922403498"
"8","10","2","2","360","0.8200000000000001","93","12","0.41000000000000003","0","4.2","17","0.4","5","true","3","290","195","703.0498398633594","10","703.0498398633594"
"8","20","93","3","100","0.56","50","8","0.45","0.19","2.1","17","5.300000000000001","19","false","5","130","355","779.2741947219239","10","703.0498398633594"
"8","30","47","6","495","0.7000000000000001","14","6","0.76","0.08","8.9","8","4.2","36","false","1","70","230","645.4943867264541","10","645.4943867264541"
"8","40","6","0","395","0.72","94","5","0.28","0.13","5.800000000000001","16","4.5","20","false","1","210","250","786.7956008114113","10","645.4943867264541"
"8","50","71","2","275","0.1","64","8","0.97","0","4","4","4.5","8","false","3","290","140","764.7483424356112","10","645.4943867264541"
"8","60","52","6","390","0.77","45","10","0.8200000000000001","0.15","8","6","1","7","false","1","110","310","738.1105389325978","10","645.4943867264541"
"8","70","4","8","330","0.89","2","10","0.9","0.11","4.4","45","1.4000000000000001","36","false","3","340","345","744.2289220523924","10","645.4943867264541"
"8","80","61","8","95","0.9400000000000001","26","4","0.63","0.03","1.5","50","2.2","31","true","3","270","180","728.3342875686567","10","645.4943867264541"
"8","90","19","1","120","0.22","44","0","0.07","0.17","8.5","24","0.2","31","true","4","70","320","841.6370571719854","10","645.4943867264541"
"8","100","90","0","440","0.15","93","20","0.61","0.15","7.300000000000001","17","1.6","28","false","2","180","130","716.4446805383702","10","645.4943867264541"
"8","110","48","17","410","0.22","37","17","0.49","0.18","9.4","8","3.3000000000000003","38","true","1","370","375","722.0246839936665","10","645.4943867264541"
"8","120","98","4","365","0.86","93","2","0.52","0.18","5.4","11","4.6000000000000005","26","true","4","140","435","802.2134304645969","10","645.4943867264541"
"8","130","46","4","150","0.02","33","9","0.61","0.09","3.7","24","5.4","26","true","1","370","220","714.1687651855798","10","645.4943867264541"
"8","140","87","3","355","0.12","74","17","0.92","0","6.4","53","6.1000000000000005","6","false","1","400","50","722.6230155414765","10","645.4943867264541"
"8","150","30","0","345","0.33","83","12","0.53","0.15","5.7","11","5.2","13","false","5","340","195","722.5880625892529","10","645.4943867264541"
"8","160","94","1","465","0.47000000000000003","81","19","0.26","0","3.7","10","4.3","8","false","4","120","60","729.6940442264312","10","645.4943867264541"
"8","170","34","6","210","0.04","60","6","0.08","0.05","3.2","3","6.5","0","true","1","40","230","699.0344816211311","10","645.4943867264541"
"8","180","38","6","410","0.9400000000000001","51","11","0.16","0.03","1.4","41","1","5","false","3","50","335","713.8223394517032","10","645.4943867264541"
"8","190","86","16","390","0.3","63","15","0.15","0.03","2.4000000000000004","24","2.8000000000000003","27","true","5","70","315","761.5039576144435","10","645.4943867264541"
"8","200","11","2","290","0.26","8","3","0","0.03","5.3","22","2.2","7","false","3","230","155","730.2478974320642","10","645.4943867264541"
"8","210","9","11","445","0.18","89","5","0.51","0.12","3.7","19","1.8","44","false","3","40","240","759.1276380334086","10","645.4943867264541"
"8","220","55","4","150","0.45","38","3","0.85","0.01","9.6","54","1.4000000000000001","28","true","1","230","370","840.3967984819932","10","645.4943867264541"
"8","230","93","8","335","0.21","36","16","0.33","0.15","9","18","3.4000000000000004","32","false","4","240","220","769.7821125884141","10","645.4943867264541"
"8","240","26","2","255","0.78","26","15","0.4","0.13","4.5","16","3.5","23","true","3","70","215","748.627398704419","10","645.4943867264541"
"8","250","93","9","210","0.81","9","1","0.41000000000000003","0.01","8.600000000000001","40","4.9","31","false","3","360","285","803.2026448576983","10","645.4943867264541"
"8","260","59","9","410","0.04","83","18","0.6900000000000001","0.16","5.7","39","2.7","27","true","5","40","200","725.3330375442574","10","645.4943867264541"
"8","270","76","0","335","0.63","3","15","0.28","0.07","7.1000000000000005","20","0.30000000000000004","18","false","1","320","250","778.0831091326463","10","645.4943867264541"
"8","280","55","2","450","0.44","47","19","0.62","0.13","9.4","3","0.5","45","false","3","300","210","828.6125230654034","10","645.4943867264541"
"8","290","15","0","225","0.6900000000000001","26","13","0.8200000000000001","0.02","3","13","3.4000000000000004","18","true","4","400","25","729.7205422418845","10","645.4943867264541"
"8","300","12","6","130","0.4","62","8","0.77","0.14","5.4","42","2","26","false","4","200","210","697.908990281935","10","645.4943867264541"
"8","310","65","5","390","0.91","42","14","0.04","0.03","5.5","13","2.8000000000000003","22","true","3","40","265","744.6165371043683","10","645.4943867264541"
"8","320","80","2","90","0.12","46","6","0.96","0.16","5.7","41","1.3","25","true","5","200","275","765.7017066905956","10","645.4943867264541"
"8","330","23","8","185","0.65","14","15","0.18","0.03","5.2","3","3.5","13","true","3","110","435","711.325640926442","10","645.4943867264541"
"8","340","98","0","45","0.32","45","12","0.56","0.02","5.4","34","2.8000000000000003","31","true","3","10","25","815.3122175154955","10","645.4943867264541"
"8","350","83","4","335","0.8200000000000001","55","15","0.51","0.02","4.9","27","0.4","33","false","3","270","125","784.1877072541932","10","645.4943867264541"
"8","360","88","5","295","0.44","80","11","0.52","0.15","6.9","50","4","30","false","4","120","305","650.4379457127591","10","645.4943867264541"
"8","370","74","8","245","0.5","55","20","0.51","0.18","4.6","54","2.3000000000000003","22","false","1","290","130","751.5758185772678","10","645.4943867264541"
"8","380","48","17","185","0.97","28","1","0.53","0.13","2.4000000000000004","10","3.4000000000000004","38","false","2","250","115","790.5346279194029","10","645.4943867264541"
"8","390","1","10","335","0.67","44","6","0.6900000000000001","0.05","3.2","31","6.5","25","false","3","310","140","690.3087007761618","10","645.4943867264541"
"8","400","98","0","330","0.67","33","13","0.84","0.1","9.6","32","3.5","17","true","2","120","65","684.1909117349352","10","645.4943867264541"
"8","410","75","6","420","0.9","61","8","0.16","0","1.8","29","1","36","false","4","250","220","723.3848700939598","10","645.4943867264541"
"8","420","1","12","485","0.13","14","0","0.91","0","4.5","55","1.8","30","true","3","320","145","862.1281034211504","10","645.4943867264541"
"8","430","2","11","60","0.34","68","0","0.99","0.03","4.800000000000001","29","1","43","true","4","140","180","730.5403755259557","10","645.4943867264541"
"8","440","8","20","55","0.9","55","0","0.35000000000000003","0.15","3.3000000000000003","10","5.1000000000000005","10","true","3","240","225","767.3785912580372","10","645.4943867264541"
"8","450","15","8","0","0.36","18","10","0.18","0.15","8.100000000000001","10","1.3","8","false","4","330","150","725.8538030344001","10","645.4943867264541"
"8","460","80","6","385","0.04","89","4","0.26","0.03","4","24","0.2","37","true","2","270","60","700.9344609881571","10","645.4943867264541"
"8","470","4","4","180","0.43","79","8","0.71","0.05","4.9","35","0.4","21","true","3","110","320","738.239287119094","10","645.4943867264541"
"8","480","21","13","20","0.19","87","8","0.16","0.18","8.9","37","6.5","31","false","3","230","250","769.183025574543","10","645.4943867264541"
"8","490","30","6","195","0.8300000000000001","83","7","0.31","0.19","4.800000000000001","9","1.8","28","true","3","100","35","717.9805221406727","10","645.4943867264541"
"8","500","90","7","80","0.5","15","13","0.04","0.14","6.800000000000001","3","2.1","39","true","1","230","215","736.7007763916581","10","645.4943867264541"
"9","10","3","11","485","0.8300000000000001","21","2","0.43","0.1","9.4","15","2","41","false","1","310","350","714.0162836473573","10","714.0162836473573"
"9","20","81","11","450","0.97","1","8","0.56","0.05","1.5","47","2.9000000000000004","9","true","1","320","260","731.5932198395473","10","714.0162836473573"
"9","30","76","14","135","0.31","55","17","0.16","0.16","4.4","4","0.30000000000000004","0","true","4","310","320","795.9551772986258","10","714.0162836473573"
"9","40","47","4","35","0.59","7","9","0.21","0.15","3.5","8","5.7","36","false","4","0","465","775.7430860037805","10","714.0162836473573"
"9","50","78","3","150","0.67","97","14","0.8","0.11","10","58","5.6000000000000005","31","false","5","20","50","812.8511751300616","10","714.0162836473573"
"9","60","6","16","380","0.79","41","8","0.93","0.17","2.6","7","2.1","41","false","5","220","185","746.807248594418","10","714.0162836473573"
"9","70","62","17","430","0.63","8","16","0.6","0.09","7.1000000000000005","33","0.1","30","false","4","50","80","758.441966620902","10","714.0162836473573"
"9","80","52","2","155","0.51","94","19","0.28","0.17","6.9","17","6.300000000000001","23","false","1","140","30","673.1063758275745","10","673.1063758275745"
"9","90","94","1","415","0.32","8","15","0.35000000000000003","0.12","6.300000000000001","19","5.5","13","true","1","290","400","669.5167769250661","10","669.5167769250661"
"9","100","93","8","15","0.86","56","15","0.55","0.02","5.9","30","6.300000000000001","21","true","2","320","205","694.6476688277746","10","669.5167769250661"
"9","110","22","16","310","0.27","76","4","0.15","0.03","4.7","7","5.2","16","true","1","100","250","735.558693151155","10","669.5167769250661"
"9","120","83","11","360","0.15","100","6","0.41000000000000003","0.11","6.5","49","5.6000000000000005","26","false","4","200","130","783.7974277671249","10","669.5167769250661"
"9","130","32","14","255","0.03","97","8","0.47000000000000003","0.18","7.7","8","6.4","11","false","3","370","420","761.459188083881","10","669.5167769250661"
"9","140","89","7","475","0.51","7","0","0.59","0","7","3","3.6","3","true","3","290","95","840.4810260270067","10","669.5167769250661"
"9","150","78","10","245","0.49","36","13","0.49","0.05","1.2","13","4.1000000000000005","6","false","3","30","35","801.274213034451","10","669.5167769250661"
"9","160","80","0","0","0.36","1","19","0.59","0.01","2.9000000000000004","30","5.4","42","true","3","0","230","819.0273986703845","10","669.5167769250661"
"9","170","67","4","150","0.86","90","11","0.11","0.17","6.9","5","4.2","3","true","4","300","165","774.3197456366734","10","669.5167769250661"
"9","180","6","0","185","0.15","27","8","0.21","0.07","9.4","55","4.4","43","true","4","180","140","698.1218846553918","10","669.5167769250661"
"9","190","58","10","125","0.21","11","5","0.22","0.19","7.9","36","0.7000000000000001","18","false","4","220","115","750.418648349994","10","669.5167769250661"
"9","200","5","7","105","0.16","41","6","0.85","0.17","8.9","31","5.2","44","false","5","300","300","720.508977293113","10","669.5167769250661"
"9","210","11","8","475","0.88","26","19","0.33","0.07","1.1","5","6.2","3","true","1","150","295","760.6745995846744","10","669.5167769250661"
"9","220","39","10","310","0.26","7","6","0.6","0.15","3","33","6.5","10","true","4","380","30","745.429027444599","10","669.5167769250661"
"9","230","66","11","60","0.32","39","14","0.29","0.05","9.6","10","0.5","10","false","1","230","245","732.5512435096779","10","669.5167769250661"
"9","240","55","1","405","0.49","96","2","0.97","0.08","2.2","47","0.1","3","true","4","280","10","836.345259303662","10","669.5167769250661"
"9","250","40","0","365","0.22","30","5","0.07","0.04","3.5","0","5.4","22","true","1","200","490","742.6423334344554","10","669.5167769250661"
"9","260","59","16","210","0.65","89","20","0.8200000000000001","0.09","1.4","28","6.300000000000001","14","true","5","50","185","715.8559656556038","10","669.5167769250661"
"9","270","54","17","305","0.96","20","10","0.19","0.18","3.7","15","6.300000000000001","44","false","2","370","320","762.4373096649203","10","669.5167769250661"
"9","280","61","12","410","0.98","84","5","0.01","0.02","1.5","56","6","36","false","2","270","435","777.3251075616538","10","669.5167769250661"
"9","290","58","18","355","0.76","76","1","0.04","0.07","9.3","6","2.6","32","true","1","160","375","818.8248872387869","10","669.5167769250661"
"9","300","76","2","125","0.16","30","7","0.9500000000000001","0.07","2.2","42","6","25","false","5","290","285","807.1219586182149","10","669.5167769250661"
"9","310","36","6","445","0.68","1","19","0.86","0.15","5.7","37","5.300000000000001","36","false","4","200","250","739.1045435315222","10","669.5167769250661"
"9","320","30","1","45","0.65","68","15","0.02","0.19","3","53","4.9","37","true","2","30","255","668.3774938206268","10","668.3774938206268"
"9","330","32","0","440","0.93","94","10","0.87","0.06","9.700000000000001","34","2.8000000000000003","14","false","2","220","375","752.2923250449652","10","668.3774938206268"
"9","340","69","0","465","0.13","87","11","0.96","0.1","1.8","22","5","41","true","4","150","95","718.9672680937617","10","668.3774938206268"
"9","350","3","2","345","0.46","83","11","0.11","0.17","9.200000000000001","8","0.9","18","false","4","140","490","690.14174875427","10","668.3774938206268"
"9","360","71","7","395","0.71","42","9","0.18","0.03","1.3","52","1.6","7","true","1","70","60","793.3053492802711","10","668.3774938206268"
"9","370","22","6","255","0.22","62","7","0.3","0.07","3.5","18","6.5","33","false","1","360","445","739.6430118347686","10","668.3774938206268"
"9","380","59","8","40","0.48","70","13","0.62","0.09","5.800000000000001","29","4.5","3","true","1","50","350","803.2697025024784","10","668.3774938206268"
"9","390","30","0","35","0.38","52","12","0.77","0.07","3.4000000000000004","18","2.9000000000000004","40","false","3","200","390","714.5339330072077","10","668.3774938206268"
"9","400","14","12","270","0.89","5","11","0.13","0.15","9.700000000000001","50","3.6","28","false","4","340","130","767.5829577364455","10","668.3774938206268"
"9","410","66","15","480","0.54","26","6","0.91","0.15","4.1","43","5.6000000000000005","39","false","3","300","500","745.459166205563","10","668.3774938206268"
"9","420","9","0","95","0.64","29","5","0.3","0.13","2","53","5.800000000000001","40","true","1","110","75","684.4655034767","10","668.3774938206268"
"9","430","50","15","260","0.38","18","9","0.04","0.18","1.2","32","1.6","24","true","2","70","230","762.293722509536","10","668.3774938206268"
"9","440","45","4","40","0.6900000000000001","78","12","0.86","0.05","1.7000000000000002","9","3","21","false","5","320","350","807.4412682202313","10","668.3774938206268"
"9","450","27","8","400","0.5","26","5","0.42","0.01","1.2","10","1.6","43","true","2","20","90","712.2125282987803","10","668.3774938206268"
"9","460","96","7","300","0.96","49","2","0.75","0.01","9.6","17","4.6000000000000005","5","false","4","50","10","836.7266264116412","10","668.3774938206268"
"9","470","94","10","130","0.42","85","8","0.11","0.06","5.7","56","1.8","4","false","1","400","420","706.267289238158","10","668.3774938206268"
"9","480","100","15","205","0.13","27","17","0.24","0.03","3.7","3","0.4","28","true","1","90","315","754.6044563300632","10","668.3774938206268"
"9","490","65","4","265","0.79","37","3","0.39","0.13","1","20","5.1000000000000005","10","false","3","130","30","690.0052033982962","10","668.3774938206268"
"9","500","50","10","480","0.9","50","2","0.97","0.09","3.8000000000000003","46","1","34","true","2","340","385","738.1","10","668.3774938206268"
"10","10","47","19","125","0.15","90","6","0.8200000000000001","0","3.7","41","3.2","27","true","2","250","45","701.5498213739434","10","701.5498213739434"
"10","20","14","6","245","0.51","1","4","0.77","0.04","8.100000000000001","34","3.5","3","true","5","290","65","755.4030011112915","10","701.5498213739434"
"10","30","52","2","300","0.56","80","19","0.84","0.04","8","48","6.2","41","true","1","340","250","777.9676425954992","10","701.5498213739434"
"10","40","72","9","420","0.9500000000000001","82","13","0.11","0.08","8.8","37","3.6","31","false","2","200","475","771.788528445109","10","701.5498213739434"
"10","50","78","2","375","0.49","59","6","0.49","0.03","5.4","44","1.8","17","true","4","70","175","722.149481849892","10","701.5498213739434"
"10","60","58","2","130","0.22","100","7","0.73","0.15","7.2","7","0","20","false","1","160","105","769.4854455367487","10","701.5498213739434"
"10","70","69","11","215","0.33","40","10","0.23","0.02","9.9","57","0","29","false","1","300","265","668.2601380026048","10","668.2601380026048"
"10","80","47","20","215","0.58","4","4","0","0.05","1.7000000000000002","0","4.3","38","true","3","150","190","747.2968839688352","10","668.2601380026048"
"10","90","36","10","215","0.41000000000000003","55","13","0.6","0.16","4.4","20","5.2","42","false","1","290","25","737.4984220599398","10","668.2601380026048"
"10","100","46","17","80","0.37","68","12","0.35000000000000003","0.17","9.6","7","2.2","1","false","3","20","10","765.1500910629661","10","668.2601380026048"
"10","110","41","8","480","0","95","6","0.44","0.17","2","55","1.5","41","true","3","380","345","657.4056966786009","10","657.4056966786009"
"10","120","10","19","420","0.31","12","10","0.45","0.05","7","53","3.7","24","true","4","350","130","750.8125212367142","10","657.4056966786009"
"10","130","30","19","385","0.04","51","3","0.28","0.06","6.1000000000000005","50","0.5","41","false","1","100","405","732.8591988298955","10","657.4056966786009"
"10","140","7","20","340","0.45","81","0","0.47000000000000003","0.1","7.300000000000001","19","3","0","true","3","110","80","806.6335347964032","10","657.4056966786009"
"10","150","1","19","345","0.56","25","20","0.92","0.08","5.5","11","3.8000000000000003","0","true","4","20","130","755.158454763666","10","657.4056966786009"
"10","160","47","17","50","0.1","94","8","0.87","0.05","4.6","10","5.4","21","true","2","310","145","720.5498914012283","10","657.4056966786009"
"10","170","28","19","155","0.8200000000000001","8","4","0.45","0.15","8.5","39","0.9","42","true","3","150","310","762.9715163687692","10","657.4056966786009"
"10","180","53","12","180","0.87","63","19","0.41000000000000003","0.15","1.1","2","2","30","true","4","160","420","817.5422178302526","10","657.4056966786009"
"10","190","62","8","500","0.42","4","16","0.07","0.13","8.600000000000001","10","0.4","36","true","4","120","485","810.6230577400659","10","657.4056966786009"
"10","200","47","8","375","0.61","92","10","0.84","0.07","4.6","10","5.5","42","true","4","340","230","765.2368468903577","10","657.4056966786009"
"10","210","70","9","0","0.15","31","18","0.5","0.14","3","26","3.5","31","false","3","230","275","737.0367961646438","10","657.4056966786009"
"10","220","9","1","300","0.5700000000000001","95","4","0.63","0.17","6.7","9","4.4","18","true","4","90","265","748.0342111633197","10","657.4056966786009"
"10","230","37","13","435","0.45","3","19","0.5700000000000001","0.16","7.4","28","3","40","false","1","40","165","726.137449705124","10","657.4056966786009"
"10","240","80","16","95","0.04","83","14","0.77","0.18","7.300000000000001","3","2.9000000000000004","23","true","4","120","20","709.4289617868361","10","657.4056966786009"
"10","250","65","3","185","0.9500000000000001","69","7","0.49","0.06","5.5","50","5.4","42","true","2","160","145","798.3476542356326","10","657.4056966786009"
"10","260","80","11","280","0.75","15","18","0.68","0.05","4","48","3.4000000000000004","41","false","5","220","35","716.3530243117859","10","657.4056966786009"
"10","270","49","8","450","0.16","86","0","0.87","0.05","4.5","22","0.30000000000000004","34","true","4","290","165","670.612287020854","10","657.4056966786009"
"10","280","11","3","460","0.9","85","0","0.9","0.03","4.4","54","1.3","8","false","2","370","350","821.1649855075041","10","657.4056966786009"
"10","290","79","19","320","0.29","30","4","0.5","0.06","5.4","20","5.2","26","true","5","200","190","853.6552654443924","10","657.4056966786009"
"10","300","23","6","85","0.73","67","10","0","0.09","8.3","12","1.3","1","true","3","0","125","750.2454638502975","10","657.4056966786009"
"10","310","16","13","300","0.58","84","13","0.86","0","4.2","46","4.9","32","false","3","250","165","722.4768589598266","10","657.4056966786009"
"10","320","55","20","115","0.37","83","15","0.99","0","5.1000000000000005","34","0.5","43","false","1","10","185","683.9160784178634","10","657.4056966786009"
"10","330","42","9","280","0.07","63","4","0.39","0.03","2.5","27","5.7","0","false","1","150","355","755.2058806250009","10","657.4056966786009"
"10","340","52","18","345","0.8200000000000001","76","14","0.08","0.12","8.7","22","1.2000000000000002","29","true","3","130","25","767.1841808732291","10","657.4056966786009"
"10","350","71","3","485","0.46","4","10","0.9","0.08","5.4","47","0.7000000000000001","8","true","2","350","185","756.4569901347273","10","657.4056966786009"
"10","360","20","2","80","0.62","87","18","0.4","0.02","8.8","55","1.6","26","true","3","400","480","787.6959788704845","10","657.4056966786009"
"10","370","69","9","395","0.07","26","0","0.3","0.13","7.7","34","1.3","12","false","1","210","85","668.6978204846458","10","657.4056966786009"
"10","380","29","4","485","0.01","72","1","0.9400000000000001","0.04","2.2","38","6","42","false","4","210","15","749.2928398345068","10","657.4056966786009"
"10","390","35","8","320","0.97","62","11","0.17","0.03","9.1","8","0","27","true","1","30","420","848.7522316030781","10","657.4056966786009"
"10","400","21","12","150","0.42","32","13","0.52","0","4.9","33","1.1","16","true","3","270","385","710.460027083119","10","657.4056966786009"
"10","410","5","18","360","0.61","15","20","0.53","0.09","8.100000000000001","20","1.4000000000000001","17","true","4","20","410","742.8786294064948","10","657.4056966786009"
"10","420","87","18","250","0.41000000000000003","8","1","0.19","0.16","8.600000000000001","0","6.1000000000000005","23","false","1","250","180","696.3777985083626","10","657.4056966786009"
"10","430","44","18","205","0.12","92","6","0.2","0.17","9.1","1","2.8000000000000003","16","true","5","390","350","707.9470362018553","10","657.4056966786009"
"10","440","47","19","240","0.96","51","8","0.41000000000000003","0.13","6.4","48","6","27","true","3","260","160","739.3976374363729","10","657.4056966786009"
"10","450","28","17","495","0.47000000000000003","59","17","0.22","0","3.2","53","4.4","25","false","4","380","285","877.5920328987731","10","657.4056966786009"
"10","460","40","11","175","0.4","97","2","0.47000000000000003","0.02","1.1","6","0.4","8","true","3","310","455","728.0838264777758","10","657.4056966786009"
"10","470","1","4","15","0.45","37","10","0.62","0.1","5.5","23","4","13","true","3","70","455","687.3965709949771","10","657.4056966786009"
"10","480","52","2","470","0.97","34","9","0.8200000000000001","0.04","8.2","49","3.3000000000000003","19","true","4","180","480","740.9","10","657.4056966786009"
"10","490","9","18","320","0.89","23","11","0.15","0.12","6.4","37","4.7","27","false","3","30","285","746.5312899203271","10","657.4056966786009"
"10","500","36","17","235","0.88","80","18","0.49","0.12","2","44","2.9000000000000004","41","false","3","210","230","803.4271894880756","10","657.4056966786009"
